-- mysqldump: [Warning] Using a password on the command line interface can be insecure.
-- MySQL dump 10.13  Distrib 8.0.45, for Linux (x86_64)
--
-- Host: localhost    Database: openapp
-- ------------------------------------------------------
-- Server version	8.0.45-0ubuntu0.24.04.1

/*!40101 SET @OLD_CHARACTER_SET_CLIENT=@@CHARACTER_SET_CLIENT */;
/*!40101 SET @OLD_CHARACTER_SET_RESULTS=@@CHARACTER_SET_RESULTS */;
/*!40101 SET @OLD_COLLATION_CONNECTION=@@COLLATION_CONNECTION */;
/*!50503 SET NAMES utf8mb4 */;
/*!40103 SET @OLD_TIME_ZONE=@@TIME_ZONE */;
/*!40103 SET TIME_ZONE='+00:00' */;
/*!40014 SET @OLD_UNIQUE_CHECKS=@@UNIQUE_CHECKS, UNIQUE_CHECKS=0 */;
/*!40014 SET @OLD_FOREIGN_KEY_CHECKS=@@FOREIGN_KEY_CHECKS, FOREIGN_KEY_CHECKS=0 */;
/*!40101 SET @OLD_SQL_MODE=@@SQL_MODE, SQL_MODE='NO_AUTO_VALUE_ON_ZERO' */;
/*!40111 SET @OLD_SQL_NOTES=@@SQL_NOTES, SQL_NOTES=0 */;
-- mysqldump: Error: 'Access denied; you need (at least one of) the PROCESS privilege(s) for this operation' when trying to dump tablespaces

--
-- Dumping data for table `openplatform_v2_api_p_t`
--

LOCK TABLES `openplatform_v2_api_p_t` WRITE;
/*!40000 ALTER TABLE `openplatform_v2_api_p_t` DISABLE KEYS */;
INSERT INTO `openplatform_v2_api_p_t` (`id`, `parent_id`, `property_name`, `property_value`, `status`, `create_time`, `last_update_time`, `create_by`, `last_update_by`) VALUES (306123818642964480,306123818634575872,'descriptionCn','获取用户基本信息',1,'2026-04-24 17:46:45.868','2026-04-24 17:46:45.868','system','system'),(306123818642964481,306123818634575872,'docUrl','https://docs.example.com/api/1777024004',1,'2026-04-24 17:46:45.868','2026-04-24 17:46:45.868','system','system'),(306123821369262081,306123821365067776,'descriptionCn','查询订单详情',1,'2026-04-24 17:46:46.519','2026-04-24 17:46:46.519','system','system'),(306123821369262082,306123821365067776,'docUrl','https://docs.example.com/api/1777024004',1,'2026-04-24 17:46:46.519','2026-04-24 17:46:46.519','system','system'),(306123823193784320,306123823185395712,'descriptionCn','发送邮件通知',1,'2026-04-24 17:46:46.953','2026-04-24 17:46:46.953','system','system'),(306123823193784321,306123823185395712,'docUrl','https://docs.example.com/api/1777024004',1,'2026-04-24 17:46:46.953','2026-04-24 17:46:46.953','system','system'),(306123824116531200,306123824108142592,'descriptionCn','查询日程安排',1,'2026-04-24 17:46:47.173','2026-04-24 17:46:47.173','system','system'),(306123824116531201,306123824108142592,'docUrl','https://docs.example.com/api/1777024004',1,'2026-04-24 17:46:47.173','2026-04-24 17:46:47.173','system','system'),(306124598192111616,306124598183723008,'descriptionCn','获取用户基本信息',1,'2026-04-24 17:49:51.727','2026-04-24 17:49:51.727','system','system'),(306124598192111617,306124598183723008,'docUrl','https://docs.example.com/api/1777024191',1,'2026-04-24 17:49:51.727','2026-04-24 17:49:51.727','system','system'),(306124600914214912,306124600905826304,'descriptionCn','查询订单详情',1,'2026-04-24 17:49:52.376','2026-04-24 17:49:52.376','system','system'),(306124600914214913,306124600905826304,'docUrl','https://docs.example.com/api/1777024191',1,'2026-04-24 17:49:52.376','2026-04-24 17:49:52.376','system','system'),(306124602738737152,306124602730348544,'descriptionCn','发送邮件通知',1,'2026-04-24 17:49:52.811','2026-04-24 17:49:52.811','system','system'),(306124602738737153,306124602730348544,'docUrl','https://docs.example.com/api/1777024191',1,'2026-04-24 17:49:52.811','2026-04-24 17:49:52.811','system','system'),(306124603661484032,306124603653095424,'descriptionCn','查询日程安排',1,'2026-04-24 17:49:53.031','2026-04-24 17:49:53.031','system','system'),(306124603661484033,306124603653095424,'docUrl','https://docs.example.com/api/1777024191',1,'2026-04-24 17:49:53.031','2026-04-24 17:49:53.031','system','system'),(306125016976588800,306125016972394496,'descriptionCn','获取用户基本信息',1,'2026-04-24 17:51:31.574','2026-04-24 17:51:31.574','system','system'),(306125016976588801,306125016972394496,'docUrl','https://docs.example.com/api/1777024291',1,'2026-04-24 17:51:31.574','2026-04-24 17:51:31.574','system','system'),(306125019702886401,306125019698692096,'descriptionCn','查询订单详情',1,'2026-04-24 17:51:32.224','2026-04-24 17:51:32.224','system','system'),(306125019702886402,306125019698692096,'docUrl','https://docs.example.com/api/1777024291',1,'2026-04-24 17:51:32.224','2026-04-24 17:51:32.224','system','system'),(306125021523214336,306125021519020032,'descriptionCn','发送邮件通知',1,'2026-04-24 17:51:32.658','2026-04-24 17:51:32.658','system','system'),(306125021523214337,306125021519020032,'docUrl','https://docs.example.com/api/1777024291',1,'2026-04-24 17:51:32.658','2026-04-24 17:51:32.658','system','system'),(306125022450155520,306125022441766912,'descriptionCn','查询日程安排',1,'2026-04-24 17:51:32.878','2026-04-24 17:51:32.878','system','system'),(306125022450155521,306125022441766912,'docUrl','https://docs.example.com/api/1777024291',1,'2026-04-24 17:51:32.878','2026-04-24 17:51:32.878','system','system'),(306125805602209792,306125805593821184,'descriptionCn','获取用户基本信息',1,'2026-04-24 17:54:39.596','2026-04-24 17:54:39.596','system','system'),(306125805602209793,306125805593821184,'docUrl','https://docs.example.com/api/1777024479',1,'2026-04-24 17:54:39.596','2026-04-24 17:54:39.596','system','system'),(306125808320118785,306125808315924480,'descriptionCn','查询订单详情',1,'2026-04-24 17:54:40.245','2026-04-24 17:54:40.245','system','system'),(306125808320118786,306125808315924480,'docUrl','https://docs.example.com/api/1777024479',1,'2026-04-24 17:54:40.245','2026-04-24 17:54:40.245','system','system'),(306125810153029632,306125810148835328,'descriptionCn','发送邮件通知',1,'2026-04-24 17:54:40.682','2026-04-24 17:54:40.682','system','system'),(306125810153029633,306125810148835328,'docUrl','https://docs.example.com/api/1777024479',1,'2026-04-24 17:54:40.682','2026-04-24 17:54:40.682','system','system'),(306125811079970816,306125811075776512,'descriptionCn','查询日程安排',1,'2026-04-24 17:54:40.903','2026-04-24 17:54:40.903','system','system'),(306125811079970817,306125811075776512,'docUrl','https://docs.example.com/api/1777024479',1,'2026-04-24 17:54:40.903','2026-04-24 17:54:40.903','system','system'),(306131805264674816,306126671101034496,'docUrl','http://192.168.3.21:5173/',1,'2026-04-24 18:18:30.024','2026-04-24 18:18:30.024','system','system'),(306249342442799104,306105998139981824,'docUrl','http://192.168.3.21:5173/admin',1,'2026-04-25 02:05:33.073','2026-04-25 02:05:33.073','se','se');
/*!40000 ALTER TABLE `openplatform_v2_api_p_t` ENABLE KEYS */;
UNLOCK TABLES;

--
-- Dumping data for table `openplatform_v2_api_t`
--

LOCK TABLES `openplatform_v2_api_t` WRITE;
/*!40000 ALTER TABLE `openplatform_v2_api_t` DISABLE KEYS */;
INSERT INTO `openplatform_v2_api_t` (`id`, `name_cn`, `name_en`, `category_id`, `path`, `method`, `auth_type`, `status`, `create_time`, `last_update_time`, `create_by`, `last_update_by`) VALUES (306099736492900352,'发送消息API','Send Message API',305652258039660544,'/api/v1/messages/send','POST',1,2,'2026-04-24 16:11:04.238','2026-04-24 16:13:05.182','system','system'),(306105998139981824,'123123','213123123',305652314155253760,'/api/open/im/message/get','GET',1,2,'2026-04-24 16:35:57.131','2026-04-25 02:05:33.073','system','se'),(306123818634575872,'获取用户信息API','获取用户信息API API',306123814910033920,'/api/v1/users/:id','GET',1,2,'2026-04-24 17:46:45.868','2026-04-24 17:46:45.868','system','system'),(306123821365067776,'查询订单API','查询订单API API',306123814910033920,'/api/v1/orders/:id','GET',1,2,'2026-04-24 17:46:46.519','2026-04-24 17:46:46.519','system','system'),(306123823185395712,'发送邮件API','发送邮件API API',306123814910033920,'/api/v1/emails','POST',1,2,'2026-04-24 17:46:46.953','2026-04-24 17:46:46.953','system','system'),(306123824108142592,'查询日程API','查询日程API API',306123814910033920,'/api/v1/schedules','GET',1,2,'2026-04-24 17:46:47.173','2026-04-24 17:46:47.173','system','system'),(306124598183723008,'获取用户信息API','获取用户信息API API',305650853237227520,'/api/v1/users/:id','GET',1,2,'2026-04-24 17:49:51.727','2026-04-24 17:49:51.727','system','system'),(306124600905826304,'查询订单API','查询订单API API',305650853237227520,'/api/v1/orders/:id','GET',1,2,'2026-04-24 17:49:52.376','2026-04-24 17:49:52.376','system','system'),(306124602730348544,'发送邮件API','发送邮件API API',305650853237227520,'/api/v1/emails','POST',1,2,'2026-04-24 17:49:52.811','2026-04-24 17:49:52.811','system','system'),(306124603653095424,'查询日程API','查询日程API API',305650853237227520,'/api/v1/schedules','GET',1,2,'2026-04-24 17:49:53.031','2026-04-24 17:49:53.031','system','system'),(306125016972394496,'获取用户信息API','获取用户信息API API',305650853237227520,'/api/v1/users/:id','GET',1,2,'2026-04-24 17:51:31.574','2026-04-24 17:51:31.574','system','system'),(306125019698692096,'查询订单API','查询订单API API',305650853237227520,'/api/v1/orders/:id','GET',1,2,'2026-04-24 17:51:32.224','2026-04-24 17:51:32.224','system','system'),(306125021519020032,'发送邮件API','发送邮件API API',305650853237227520,'/api/v1/emails','POST',1,2,'2026-04-24 17:51:32.658','2026-04-24 17:51:32.658','system','system'),(306125022441766912,'查询日程API','查询日程API API',305650853237227520,'/api/v1/schedules','GET',1,2,'2026-04-24 17:51:32.878','2026-04-24 17:51:32.878','system','system'),(306125805593821184,'获取用户信息API','获取用户信息API API',305650853237227520,'/api/v1/users/:id','GET',1,2,'2026-04-24 17:54:39.596','2026-04-24 17:54:39.596','system','system'),(306125808315924480,'查询订单API','查询订单API API',305650853237227520,'/api/v1/orders/:id','GET',1,2,'2026-04-24 17:54:40.245','2026-04-24 17:54:40.245','system','system'),(306125810148835328,'发送邮件API','发送邮件API API',305650853237227520,'/api/v1/emails','POST',1,2,'2026-04-24 17:54:40.682','2026-04-24 17:54:40.682','system','system'),(306125811075776512,'查询日程API','查询日程API API',305650853237227520,'/api/v1/schedules','GET',1,2,'2026-04-24 17:54:40.903','2026-04-24 17:54:40.903','system','system'),(306125981284827136,'测试API','Test API',305650853237227520,'/api/v1/test','GET',1,1,'2026-04-24 17:55:21.484','2026-04-24 17:55:21.484','system','system'),(306126666810261504,'测试API-1777024684-1','Test API 1777024684-1',305650853237227520,'/api/v1/test-1777024684-1','GET',1,2,'2026-04-24 17:58:04.926','2026-04-24 17:58:04.926','system','system'),(306126667284217856,'测试API-1777024684-2','Test API 1777024684-2',305650853237227520,'/api/v1/test-1777024684-2','GET',1,2,'2026-04-24 17:58:05.039','2026-04-24 17:58:05.039','system','system'),(306126667758174208,'测试API-1777024684-3','Test API 1777024684-3',305650853237227520,'/api/v1/test-1777024684-3','GET',1,2,'2026-04-24 17:58:05.152','2026-04-24 17:58:05.152','system','system'),(306126668232130560,'测试API-1777024684-4','Test API 1777024684-4',305650853237227520,'/api/v1/test-1777024684-4','GET',1,2,'2026-04-24 17:58:05.265','2026-04-24 17:58:05.265','system','system'),(306126668710281216,'测试API-1777024684-5','Test API 1777024684-5',305650853237227520,'/api/v1/test-1777024684-5','GET',1,2,'2026-04-24 17:58:05.379','2026-04-24 17:58:05.379','system','system'),(306126669184237568,'测试API-1777024684-6','Test API 1777024684-6',305650853237227520,'/api/v1/test-1777024684-6','GET',1,2,'2026-04-24 17:58:05.492','2026-04-24 17:58:05.492','system','system'),(306126669670776832,'测试API-1777024684-7','Test API 1777024684-7',305650853237227520,'/api/v1/test-1777024684-7','GET',1,2,'2026-04-24 17:58:05.608','2026-04-24 17:58:05.608','system','system'),(306126670144733184,'测试API-1777024684-8','Test API 1777024684-8',305650853237227520,'/api/v1/test-1777024684-8','GET',1,2,'2026-04-24 17:58:05.721','2026-04-24 17:58:05.721','system','system'),(306126670622883840,'测试API-1777024684-9','Test API 1777024684-9',305650853237227520,'/api/v1/test-1777024684-9','GET',1,2,'2026-04-24 17:58:05.835','2026-04-24 17:58:05.835','system','system'),(306126671101034496,'测试API-1777024684-10','Test API 1777024684-10',305650853237227520,'/api/v1/test-1777024684-10','GET',1,2,'2026-04-24 17:58:05.949','2026-04-24 18:18:30.024','system','system'),(306205919702679552,'测试API用户验证-已更新','Test API User Verification - Updated',306123814910033920,'/test/user-verify','GET',1,2,'2026-04-24 23:13:00.288','2026-04-24 23:13:06.428','test_user_api','test_user_update');
/*!40000 ALTER TABLE `openplatform_v2_api_t` ENABLE KEYS */;
UNLOCK TABLES;

--
-- Dumping data for table `openplatform_v2_approval_flow_t`
--

LOCK TABLES `openplatform_v2_approval_flow_t` WRITE;
/*!40000 ALTER TABLE `openplatform_v2_approval_flow_t` DISABLE KEYS */;
INSERT INTO `openplatform_v2_approval_flow_t` (`id`, `name_cn`, `name_en`, `code`, `description_cn`, `description_en`, `nodes`, `status`, `create_time`, `last_update_time`, `create_by`, `last_update_by`) VALUES (1,'全局审批流程','Global Approval Flow','global','系统全局审批流程，适用于所有申请的最终审核','System global approval flow, applicable to final review of all applications','[{\"type\":\"approver\",\"userId\":\"admin\",\"userName\":\"系统管理员\",\"order\":1,\"level\":null,\"status\":null},{\"type\":\"approver\",\"userId\":\"it\",\"userName\":\"IT管理员\",\"order\":2,\"level\":null,\"status\":null},{\"type\":\"approver\",\"userId\":\"se\",\"userName\":\"安全管理员\",\"order\":3,\"level\":null,\"status\":null}]',1,'2026-04-24 16:10:31.781','2026-04-24 17:24:02.855','system','system'),(2,'API注册审批流程','API Registration Approval Flow','api_register','API资源注册审批流程','API resource registration approval flow','[{\"type\":\"approver\",\"userId\":\"api_admin\",\"userName\":\"API管理员\",\"order\":1}]',1,'2026-04-24 16:10:31.782','2026-04-24 16:10:31.782','system','system'),(3,'事件注册审批流程','Event Registration Approval Flow','event_register','事件资源注册审批流程','Event resource registration approval flow','[{\"type\":\"approver\",\"userId\":\"event_admin\",\"userName\":\"事件管理员\",\"order\":1}]',1,'2026-04-24 16:10:31.783','2026-04-24 16:10:31.783','system','system'),(4,'回调注册审批流程','Callback Registration Approval Flow','callback_register','回调资源注册审批流程','Callback resource registration approval flow','[{\"type\":\"approver\",\"userId\":\"callback_admin\",\"userName\":\"回调管理员\",\"order\":1}]',1,'2026-04-24 16:10:31.784','2026-04-24 16:10:31.784','system','system'),(5,'API权限申请审批流程','API Permission Apply Approval Flow','api_permission_apply','API权限申请审批流程','API permission application approval flow','[{\"type\":\"approver\",\"userId\":\"perm_admin\",\"userName\":\"权限管理员\",\"order\":1}]',1,'2026-04-24 16:10:31.785','2026-04-24 16:10:31.785','system','system'),(6,'事件权限申请审批流程','Event Permission Apply Approval Flow','event_permission_apply','事件权限申请审批流程','Event permission application approval flow','[{\"type\":\"approver\",\"userId\":\"perm_admin\",\"userName\":\"权限管理员\",\"order\":1}]',1,'2026-04-24 16:10:31.786','2026-04-24 16:10:31.786','system','system'),(7,'回调权限申请审批流程','Callback Permission Apply Approval Flow','callback_permission_apply','回调权限申请审批流程','Callback permission application approval flow','[{\"type\":\"approver\",\"userId\":\"perm_admin\",\"userName\":\"权限管理员\",\"order\":1}]',1,'2026-04-24 16:10:31.786','2026-04-24 16:10:31.786','system','system'),(306207483687337984,'测试审批流程用户验证-已更新','Test Approval Flow User Verification - Updated','TEST_FLOW_USER_VERIFY',NULL,NULL,'null',1,'2026-04-24 23:19:13.171','2026-04-24 23:19:17.153','test_flow_creator','test_flow_updater');
/*!40000 ALTER TABLE `openplatform_v2_approval_flow_t` ENABLE KEYS */;
UNLOCK TABLES;

--
-- Dumping data for table `openplatform_v2_approval_log_t`
--

LOCK TABLES `openplatform_v2_approval_log_t` WRITE;
/*!40000 ALTER TABLE `openplatform_v2_approval_log_t` DISABLE KEYS */;
INSERT INTO `openplatform_v2_approval_log_t` (`id`, `record_id`, `node_index`, `level`, `operator_id`, `operator_name`, `action`, `comment`, `create_time`, `last_update_time`, `create_by`, `last_update_by`) VALUES (306100222570790912,306099736555814912,0,'scene','user001','审批人',0,'场景审批通过，API配置合理','2026-04-24 16:13:00.128','2026-04-24 16:13:00.128','system','system'),(306100243756220416,306099736555814912,1,'global','user001','审批人',0,'全局审批通过，API已上架','2026-04-24 16:13:05.179','2026-04-24 16:13:05.179','system','system'),(306106033216946176,306105998186119168,0,'scene','user001','审批人',0,NULL,'2026-04-24 16:36:05.494','2026-04-24 16:36:05.494','system','system'),(306106603868782592,306105998186119168,1,'global','user001','审批人',0,NULL,'2026-04-24 16:38:21.548','2026-04-24 16:38:21.548','system','system'),(306107916501385216,306107823081652224,0,'scene','user001','审批人',0,NULL,'2026-04-24 16:43:34.504','2026-04-24 16:43:34.504','system','system'),(306207681100644352,306207647357468672,0,'scene','approver_001','approver_001',0,'同意发布','2026-04-24 23:20:00.238','2026-04-24 23:20:00.238','approver_001','approver_001'),(306211417575391232,306211333974523904,0,'scene','event_admin','event_admin',0,'23423424','2026-04-24 23:34:51.083','2026-04-25 00:21:53.712','event_admin','event_admin'),(306229454986805248,306211333974523904,1,'global','event_admin','event_admin',0,NULL,'2026-04-25 00:46:31.537','2026-04-25 00:46:31.537','event_admin','event_admin'),(306229953387560960,306211333974523904,2,'global','event_admin','event_admin',0,NULL,'2026-04-25 00:48:30.365','2026-04-25 00:48:30.365','event_admin','event_admin'),(306230002175705088,306211333974523904,3,'global','event_admin','event_admin',0,NULL,'2026-04-25 00:48:41.997','2026-04-25 00:48:41.997','event_admin','event_admin'),(306234188841877504,306206615680319488,0,'scene','event_admin','event_admin',0,NULL,'2026-04-25 01:05:20.176','2026-04-25 01:05:20.176','event_admin','event_admin'),(306234379452022784,306206615680319488,1,'global','admin','admin',0,NULL,'2026-04-25 01:06:05.621','2026-04-25 01:06:05.621','admin','admin'),(306234520560992256,306206615680319488,2,'global','it','it',0,NULL,'2026-04-25 01:06:39.264','2026-04-25 01:06:39.264','it','it'),(306234621173956608,306206615680319488,3,'global','se','se',0,NULL,'2026-04-25 01:07:03.252','2026-04-25 01:07:03.252','se','se'),(306236889109626880,306236591460843520,0,'resource','event_approval_user1','event_approval_user1',0,NULL,'2026-04-25 01:16:03.970','2026-04-25 01:16:03.970','event_approval_user1','event_approval_user1'),(306237043837501440,306236591460843520,1,'scene','perm_admin','perm_admin',0,NULL,'2026-04-25 01:16:40.860','2026-04-25 01:16:40.860','perm_admin','perm_admin'),(306237124892426240,306236591460843520,2,'global','admin','admin',0,NULL,'2026-04-25 01:17:00.185','2026-04-25 01:17:00.185','admin','admin'),(306237195327373312,306236591460843520,3,'global','it','it',0,NULL,'2026-04-25 01:17:16.978','2026-04-25 01:17:16.978','it','it'),(306237255880540160,306236591460843520,4,'global','se','se',0,NULL,'2026-04-25 01:17:31.415','2026-04-25 01:17:31.415','se','se'),(306240276672806912,306240019985596416,0,'resource','121','121',0,NULL,'2026-04-25 01:29:31.628','2026-04-25 01:29:31.628','121','121'),(306240411012169728,306240019985596416,1,'scene','perm_admin','perm_admin',0,NULL,'2026-04-25 01:30:03.658','2026-04-25 01:30:03.658','perm_admin','perm_admin'),(306240471531782144,306240019985596416,2,'global','admin','admin',0,NULL,'2026-04-25 01:30:18.086','2026-04-25 01:30:18.086','admin','admin'),(306240554201513984,306240019985596416,3,'global','it','it',0,NULL,'2026-04-25 01:30:37.796','2026-04-25 01:30:37.796','it','it'),(306240593753800704,306240019985596416,4,'global','se','se',0,NULL,'2026-04-25 01:30:47.226','2026-04-25 01:30:47.226','se','se'),(306248275311198208,306248085065957376,0,'scene','callback_admin','callback_admin',0,NULL,'2026-04-25 02:01:18.652','2026-04-25 02:01:18.652','callback_admin','callback_admin'),(306248371411091456,306248085065957376,1,'global','admin','admin',0,NULL,'2026-04-25 02:01:41.564','2026-04-25 02:01:41.564','admin','admin'),(306248407792484352,306248085065957376,2,'global','it','it',0,NULL,'2026-04-25 02:01:50.238','2026-04-25 02:01:50.238','it','it'),(306248458157686784,306248085065957376,3,'global','se','se',0,NULL,'2026-04-25 02:02:02.246','2026-04-25 02:02:02.246','se','se'),(306248664790073344,306248516320100352,0,'resource','callback_approval_user3','callback_approval_user3',0,NULL,'2026-04-25 02:02:51.511','2026-04-25 02:02:51.511','callback_approval_user3','callback_approval_user3'),(306248730145718272,306248516320100352,1,'scene','perm_admin','perm_admin',0,NULL,'2026-04-25 02:03:07.093','2026-04-25 02:03:07.093','perm_admin','perm_admin'),(306248775167377408,306248516320100352,2,'global','admin','admin',0,NULL,'2026-04-25 02:03:17.827','2026-04-25 02:03:17.827','admin','admin'),(306248816539992064,306248516320100352,3,'global','it','it',0,NULL,'2026-04-25 02:03:27.691','2026-04-25 02:03:27.691','it','it'),(306248862383734784,306248516320100352,4,'global','se','se',0,NULL,'2026-04-25 02:03:38.621','2026-04-25 02:03:38.621','se','se');
/*!40000 ALTER TABLE `openplatform_v2_approval_log_t` ENABLE KEYS */;
UNLOCK TABLES;

--
-- Dumping data for table `openplatform_v2_approval_record_t`
--

LOCK TABLES `openplatform_v2_approval_record_t` WRITE;
/*!40000 ALTER TABLE `openplatform_v2_approval_record_t` DISABLE KEYS */;
INSERT INTO `openplatform_v2_approval_record_t` (`id`, `combined_nodes`, `business_type`, `business_id`, `applicant_id`, `applicant_name`, `status`, `current_node`, `completed_at`, `create_time`, `last_update_time`, `create_by`, `last_update_by`) VALUES (306099736555814912,'[{\"type\":\"approver\",\"userId\":\"api_admin\",\"userName\":\"API管理员\",\"order\":1,\"level\":\"scene\",\"status\":null},{\"type\":\"approver\",\"userId\":\"admin\",\"userName\":\"系统管理员\",\"order\":2,\"level\":\"global\",\"status\":null}]','api_register',306099736492900352,'system','system',1,1,'2026-04-24 16:13:05.180','2026-04-24 16:11:04.253','2026-04-24 16:13:05.180','system','system'),(306100000750829568,'[{\"type\":\"approver\",\"userId\":\"im_leader\",\"userName\":\"IM负责人\",\"order\":1,\"level\":\"resource\",\"status\":null},{\"type\":\"approver\",\"userId\":\"perm_admin\",\"userName\":\"权限管理员\",\"order\":2,\"level\":\"scene\",\"status\":null},{\"type\":\"approver\",\"userId\":\"admin\",\"userName\":\"系统管理员\",\"order\":3,\"level\":\"global\",\"status\":null}]','api_permission_apply',306100000725663744,'system','system',0,0,NULL,'2026-04-24 16:12:07.242','2026-04-24 16:12:07.242','system','system'),(306100123140620288,'[{\"type\":\"approver\",\"userId\":\"perm_admin\",\"userName\":\"权限管理员\",\"order\":1,\"level\":\"scene\",\"status\":null},{\"type\":\"approver\",\"userId\":\"admin\",\"userName\":\"系统管理员\",\"order\":2,\"level\":\"global\",\"status\":null}]','api_permission_apply',306100123123843072,'system','system',0,0,NULL,'2026-04-24 16:12:36.422','2026-04-24 16:12:36.422','system','system'),(306102002851512320,'[{\"type\":\"approver\",\"userId\":\"event_admin\",\"userName\":\"事件管理员\",\"order\":1,\"level\":\"scene\",\"status\":null},{\"type\":\"approver\",\"userId\":\"admin\",\"userName\":\"系统管理员\",\"order\":2,\"level\":\"global\",\"status\":null}]','event_register',306102002838929408,'user001','system',0,0,NULL,'2026-04-24 16:20:04.580','2026-04-24 16:20:04.580','system','system'),(306102016201981952,'[{\"type\":\"approver\",\"userId\":\"callback_admin\",\"userName\":\"回调管理员\",\"order\":1,\"level\":\"scene\",\"status\":null},{\"type\":\"approver\",\"userId\":\"admin\",\"userName\":\"系统管理员\",\"order\":2,\"level\":\"global\",\"status\":null}]','callback_register',306102016189399040,'user001','system',0,0,NULL,'2026-04-24 16:20:07.763','2026-04-24 16:20:07.763','system','system'),(306105998186119168,'[{\"type\":\"approver\",\"userId\":\"api_admin\",\"userName\":\"API管理员\",\"order\":1,\"level\":\"scene\",\"status\":null},{\"type\":\"approver\",\"userId\":\"admin\",\"userName\":\"系统管理员\",\"order\":2,\"level\":\"global\",\"status\":null}]','api_register',306105998139981824,'system','system',1,1,'2026-04-24 16:38:21.549','2026-04-24 16:35:57.142','2026-04-24 16:38:21.549','system','system'),(306107823069069312,'[{\"type\":\"approver\",\"userId\":\"event_leader\",\"userName\":\"事件负责人\",\"order\":1,\"level\":\"resource\",\"status\":null},{\"type\":\"approver\",\"userId\":\"perm_admin\",\"userName\":\"权限管理员\",\"order\":2,\"level\":\"scene\",\"status\":null},{\"type\":\"approver\",\"userId\":\"admin\",\"userName\":\"系统管理员\",\"order\":3,\"level\":\"global\",\"status\":null}]','event_permission_apply',306107823048097792,'system','system',0,0,NULL,'2026-04-24 16:43:12.228','2026-04-24 16:43:12.228','system','system'),(306107823081652224,'[{\"type\":\"approver\",\"userId\":\"perm_admin\",\"userName\":\"权限管理员\",\"order\":1,\"level\":\"scene\",\"status\":null},{\"type\":\"approver\",\"userId\":\"admin\",\"userName\":\"系统管理员\",\"order\":2,\"level\":\"global\",\"status\":null}]','event_permission_apply',306107823052292096,'system','system',0,1,NULL,'2026-04-24 16:43:12.231','2026-04-24 16:43:34.505','system','system'),(306107996302213120,'[{\"type\":\"approver\",\"userId\":\"order_leader\",\"userName\":\"订单负责人\",\"order\":1,\"level\":\"resource\",\"status\":null},{\"type\":\"approver\",\"userId\":\"perm_admin\",\"userName\":\"权限管理员\",\"order\":2,\"level\":\"scene\",\"status\":null},{\"type\":\"approver\",\"userId\":\"admin\",\"userName\":\"系统管理员\",\"order\":3,\"level\":\"global\",\"status\":null}]','callback_permission_apply',306107996285435904,'system','system',0,0,NULL,'2026-04-24 16:43:53.530','2026-04-24 16:43:53.530','system','system'),(306107996310601728,'[{\"type\":\"approver\",\"userId\":\"perm_admin\",\"userName\":\"权限管理员\",\"order\":1,\"level\":\"scene\",\"status\":null},{\"type\":\"approver\",\"userId\":\"admin\",\"userName\":\"系统管理员\",\"order\":2,\"level\":\"global\",\"status\":null}]','callback_permission_apply',306107996289630208,'system','system',0,0,NULL,'2026-04-24 16:43:53.532','2026-04-24 16:43:53.532','system','system'),(306125981297410048,'[{\"type\":\"approver\",\"userId\":\"api_admin\",\"userName\":\"API管理员\",\"order\":1,\"level\":\"scene\",\"status\":null},{\"type\":\"approver\",\"userId\":\"admin\",\"userName\":\"系统管理员\",\"order\":2,\"level\":\"global\",\"status\":null},{\"type\":\"approver\",\"userId\":\"it\",\"userName\":\"IT管理员\",\"order\":3,\"level\":\"global\",\"status\":null},{\"type\":\"approver\",\"userId\":\"se\",\"userName\":\"安全管理员\",\"order\":4,\"level\":\"global\",\"status\":null}]','api_register',306125981284827136,'system','system',0,0,NULL,'2026-04-24 17:55:21.487','2026-04-24 17:55:21.487','system','system'),(306127058977685504,'[{\"type\":\"approver\",\"userId\":\"perm_admin\",\"userName\":\"权限管理员\",\"order\":1,\"level\":\"scene\",\"status\":null},{\"type\":\"approver\",\"userId\":\"admin\",\"userName\":\"系统管理员\",\"order\":2,\"level\":\"global\",\"status\":null},{\"type\":\"approver\",\"userId\":\"it\",\"userName\":\"IT管理员\",\"order\":3,\"level\":\"global\",\"status\":null},{\"type\":\"approver\",\"userId\":\"se\",\"userName\":\"安全管理员\",\"order\":4,\"level\":\"global\",\"status\":null}]','event_permission_apply',306127058944131072,'system','system',0,0,NULL,'2026-04-24 17:59:38.426','2026-04-24 17:59:38.426','system','system'),(306127058986074112,'[{\"type\":\"approver\",\"userId\":\"perm_admin\",\"userName\":\"权限管理员\",\"order\":1,\"level\":\"scene\",\"status\":null},{\"type\":\"approver\",\"userId\":\"admin\",\"userName\":\"系统管理员\",\"order\":2,\"level\":\"global\",\"status\":null},{\"type\":\"approver\",\"userId\":\"it\",\"userName\":\"IT管理员\",\"order\":3,\"level\":\"global\",\"status\":null},{\"type\":\"approver\",\"userId\":\"se\",\"userName\":\"安全管理员\",\"order\":4,\"level\":\"global\",\"status\":null}]','event_permission_apply',306127058948325376,'system','system',0,0,NULL,'2026-04-24 17:59:38.428','2026-04-24 17:59:38.428','system','system'),(306127058994462720,'[{\"type\":\"approver\",\"userId\":\"perm_admin\",\"userName\":\"权限管理员\",\"order\":1,\"level\":\"scene\",\"status\":null},{\"type\":\"approver\",\"userId\":\"admin\",\"userName\":\"系统管理员\",\"order\":2,\"level\":\"global\",\"status\":null},{\"type\":\"approver\",\"userId\":\"it\",\"userName\":\"IT管理员\",\"order\":3,\"level\":\"global\",\"status\":null},{\"type\":\"approver\",\"userId\":\"se\",\"userName\":\"安全管理员\",\"order\":4,\"level\":\"global\",\"status\":null}]','event_permission_apply',306127058948325377,'system','system',0,0,NULL,'2026-04-24 17:59:38.430','2026-04-24 17:59:38.430','system','system'),(306127059007045632,'[{\"type\":\"approver\",\"userId\":\"perm_admin\",\"userName\":\"权限管理员\",\"order\":1,\"level\":\"scene\",\"status\":null},{\"type\":\"approver\",\"userId\":\"admin\",\"userName\":\"系统管理员\",\"order\":2,\"level\":\"global\",\"status\":null},{\"type\":\"approver\",\"userId\":\"it\",\"userName\":\"IT管理员\",\"order\":3,\"level\":\"global\",\"status\":null},{\"type\":\"approver\",\"userId\":\"se\",\"userName\":\"安全管理员\",\"order\":4,\"level\":\"global\",\"status\":null}]','event_permission_apply',306127058948325378,'system','system',0,0,NULL,'2026-04-24 17:59:38.433','2026-04-24 17:59:38.433','system','system'),(306127059015434240,'[{\"type\":\"approver\",\"userId\":\"perm_admin\",\"userName\":\"权限管理员\",\"order\":1,\"level\":\"scene\",\"status\":null},{\"type\":\"approver\",\"userId\":\"admin\",\"userName\":\"系统管理员\",\"order\":2,\"level\":\"global\",\"status\":null},{\"type\":\"approver\",\"userId\":\"it\",\"userName\":\"IT管理员\",\"order\":3,\"level\":\"global\",\"status\":null},{\"type\":\"approver\",\"userId\":\"se\",\"userName\":\"安全管理员\",\"order\":4,\"level\":\"global\",\"status\":null}]','event_permission_apply',306127058952519680,'system','system',0,0,NULL,'2026-04-24 17:59:38.435','2026-04-24 17:59:38.435','system','system'),(306127059023822848,'[{\"type\":\"approver\",\"userId\":\"perm_admin\",\"userName\":\"权限管理员\",\"order\":1,\"level\":\"scene\",\"status\":null},{\"type\":\"approver\",\"userId\":\"admin\",\"userName\":\"系统管理员\",\"order\":2,\"level\":\"global\",\"status\":null},{\"type\":\"approver\",\"userId\":\"it\",\"userName\":\"IT管理员\",\"order\":3,\"level\":\"global\",\"status\":null},{\"type\":\"approver\",\"userId\":\"se\",\"userName\":\"安全管理员\",\"order\":4,\"level\":\"global\",\"status\":null}]','event_permission_apply',306127058952519681,'system','system',0,0,NULL,'2026-04-24 17:59:38.437','2026-04-24 17:59:38.437','system','system'),(306127059032211456,'[{\"type\":\"approver\",\"userId\":\"perm_admin\",\"userName\":\"权限管理员\",\"order\":1,\"level\":\"scene\",\"status\":null},{\"type\":\"approver\",\"userId\":\"admin\",\"userName\":\"系统管理员\",\"order\":2,\"level\":\"global\",\"status\":null},{\"type\":\"approver\",\"userId\":\"it\",\"userName\":\"IT管理员\",\"order\":3,\"level\":\"global\",\"status\":null},{\"type\":\"approver\",\"userId\":\"se\",\"userName\":\"安全管理员\",\"order\":4,\"level\":\"global\",\"status\":null}]','event_permission_apply',306127058952519682,'system','system',0,0,NULL,'2026-04-24 17:59:38.439','2026-04-24 17:59:38.439','system','system'),(306127059040600064,'[{\"type\":\"approver\",\"userId\":\"perm_admin\",\"userName\":\"权限管理员\",\"order\":1,\"level\":\"scene\",\"status\":null},{\"type\":\"approver\",\"userId\":\"admin\",\"userName\":\"系统管理员\",\"order\":2,\"level\":\"global\",\"status\":null},{\"type\":\"approver\",\"userId\":\"it\",\"userName\":\"IT管理员\",\"order\":3,\"level\":\"global\",\"status\":null},{\"type\":\"approver\",\"userId\":\"se\",\"userName\":\"安全管理员\",\"order\":4,\"level\":\"global\",\"status\":null}]','event_permission_apply',306127058956713984,'system','system',0,0,NULL,'2026-04-24 17:59:38.441','2026-04-24 17:59:38.441','system','system'),(306127059053182976,'[{\"type\":\"approver\",\"userId\":\"perm_admin\",\"userName\":\"权限管理员\",\"order\":1,\"level\":\"scene\",\"status\":null},{\"type\":\"approver\",\"userId\":\"admin\",\"userName\":\"系统管理员\",\"order\":2,\"level\":\"global\",\"status\":null},{\"type\":\"approver\",\"userId\":\"it\",\"userName\":\"IT管理员\",\"order\":3,\"level\":\"global\",\"status\":null},{\"type\":\"approver\",\"userId\":\"se\",\"userName\":\"安全管理员\",\"order\":4,\"level\":\"global\",\"status\":null}]','event_permission_apply',306127058956713985,'system','system',0,0,NULL,'2026-04-24 17:59:38.444','2026-04-24 17:59:38.444','system','system'),(306127059061571584,'[{\"type\":\"approver\",\"userId\":\"perm_admin\",\"userName\":\"权限管理员\",\"order\":1,\"level\":\"scene\",\"status\":null},{\"type\":\"approver\",\"userId\":\"admin\",\"userName\":\"系统管理员\",\"order\":2,\"level\":\"global\",\"status\":null},{\"type\":\"approver\",\"userId\":\"it\",\"userName\":\"IT管理员\",\"order\":3,\"level\":\"global\",\"status\":null},{\"type\":\"approver\",\"userId\":\"se\",\"userName\":\"安全管理员\",\"order\":4,\"level\":\"global\",\"status\":null}]','event_permission_apply',306127058956713986,'system','system',0,0,NULL,'2026-04-24 17:59:38.446','2026-04-24 17:59:38.446','system','system'),(306127491653697536,'[{\"type\":\"approver\",\"userId\":\"perm_admin\",\"userName\":\"权限管理员\",\"order\":1,\"level\":\"scene\",\"status\":null},{\"type\":\"approver\",\"userId\":\"admin\",\"userName\":\"系统管理员\",\"order\":2,\"level\":\"global\",\"status\":null},{\"type\":\"approver\",\"userId\":\"it\",\"userName\":\"IT管理员\",\"order\":3,\"level\":\"global\",\"status\":null},{\"type\":\"approver\",\"userId\":\"se\",\"userName\":\"安全管理员\",\"order\":4,\"level\":\"global\",\"status\":null}]','callback_permission_apply',306127491620143104,'system','system',0,0,NULL,'2026-04-24 18:01:21.584','2026-04-24 18:01:21.584','system','system'),(306127491674669056,'[{\"type\":\"approver\",\"userId\":\"perm_admin\",\"userName\":\"权限管理员\",\"order\":1,\"level\":\"scene\",\"status\":null},{\"type\":\"approver\",\"userId\":\"admin\",\"userName\":\"系统管理员\",\"order\":2,\"level\":\"global\",\"status\":null},{\"type\":\"approver\",\"userId\":\"it\",\"userName\":\"IT管理员\",\"order\":3,\"level\":\"global\",\"status\":null},{\"type\":\"approver\",\"userId\":\"se\",\"userName\":\"安全管理员\",\"order\":4,\"level\":\"global\",\"status\":null}]','callback_permission_apply',306127491620143105,'system','system',0,0,NULL,'2026-04-24 18:01:21.589','2026-04-24 18:01:21.589','system','system'),(306127491687251968,'[{\"type\":\"approver\",\"userId\":\"perm_admin\",\"userName\":\"权限管理员\",\"order\":1,\"level\":\"scene\",\"status\":null},{\"type\":\"approver\",\"userId\":\"admin\",\"userName\":\"系统管理员\",\"order\":2,\"level\":\"global\",\"status\":null},{\"type\":\"approver\",\"userId\":\"it\",\"userName\":\"IT管理员\",\"order\":3,\"level\":\"global\",\"status\":null},{\"type\":\"approver\",\"userId\":\"se\",\"userName\":\"安全管理员\",\"order\":4,\"level\":\"global\",\"status\":null}]','callback_permission_apply',306127491620143106,'system','system',0,0,NULL,'2026-04-24 18:01:21.592','2026-04-24 18:01:21.592','system','system'),(306127491704029184,'[{\"type\":\"approver\",\"userId\":\"perm_admin\",\"userName\":\"权限管理员\",\"order\":1,\"level\":\"scene\",\"status\":null},{\"type\":\"approver\",\"userId\":\"admin\",\"userName\":\"系统管理员\",\"order\":2,\"level\":\"global\",\"status\":null},{\"type\":\"approver\",\"userId\":\"it\",\"userName\":\"IT管理员\",\"order\":3,\"level\":\"global\",\"status\":null},{\"type\":\"approver\",\"userId\":\"se\",\"userName\":\"安全管理员\",\"order\":4,\"level\":\"global\",\"status\":null}]','callback_permission_apply',306127491624337408,'system','system',0,0,NULL,'2026-04-24 18:01:21.596','2026-04-24 18:01:21.596','system','system'),(306127491716612096,'[{\"type\":\"approver\",\"userId\":\"perm_admin\",\"userName\":\"权限管理员\",\"order\":1,\"level\":\"scene\",\"status\":null},{\"type\":\"approver\",\"userId\":\"admin\",\"userName\":\"系统管理员\",\"order\":2,\"level\":\"global\",\"status\":null},{\"type\":\"approver\",\"userId\":\"it\",\"userName\":\"IT管理员\",\"order\":3,\"level\":\"global\",\"status\":null},{\"type\":\"approver\",\"userId\":\"se\",\"userName\":\"安全管理员\",\"order\":4,\"level\":\"global\",\"status\":null}]','callback_permission_apply',306127491624337409,'system','system',0,0,NULL,'2026-04-24 18:01:21.599','2026-04-24 18:01:21.599','system','system'),(306127491741777920,'[{\"type\":\"approver\",\"userId\":\"perm_admin\",\"userName\":\"权限管理员\",\"order\":1,\"level\":\"scene\",\"status\":null},{\"type\":\"approver\",\"userId\":\"admin\",\"userName\":\"系统管理员\",\"order\":2,\"level\":\"global\",\"status\":null},{\"type\":\"approver\",\"userId\":\"it\",\"userName\":\"IT管理员\",\"order\":3,\"level\":\"global\",\"status\":null},{\"type\":\"approver\",\"userId\":\"se\",\"userName\":\"安全管理员\",\"order\":4,\"level\":\"global\",\"status\":null}]','callback_permission_apply',306127491624337410,'system','system',0,0,NULL,'2026-04-24 18:01:21.605','2026-04-24 18:01:21.605','system','system'),(306127491754360832,'[{\"type\":\"approver\",\"userId\":\"perm_admin\",\"userName\":\"权限管理员\",\"order\":1,\"level\":\"scene\",\"status\":null},{\"type\":\"approver\",\"userId\":\"admin\",\"userName\":\"系统管理员\",\"order\":2,\"level\":\"global\",\"status\":null},{\"type\":\"approver\",\"userId\":\"it\",\"userName\":\"IT管理员\",\"order\":3,\"level\":\"global\",\"status\":null},{\"type\":\"approver\",\"userId\":\"se\",\"userName\":\"安全管理员\",\"order\":4,\"level\":\"global\",\"status\":null}]','callback_permission_apply',306127491628531712,'system','system',0,0,NULL,'2026-04-24 18:01:21.608','2026-04-24 18:01:21.608','system','system'),(306127491762749440,'[{\"type\":\"approver\",\"userId\":\"perm_admin\",\"userName\":\"权限管理员\",\"order\":1,\"level\":\"scene\",\"status\":null},{\"type\":\"approver\",\"userId\":\"admin\",\"userName\":\"系统管理员\",\"order\":2,\"level\":\"global\",\"status\":null},{\"type\":\"approver\",\"userId\":\"it\",\"userName\":\"IT管理员\",\"order\":3,\"level\":\"global\",\"status\":null},{\"type\":\"approver\",\"userId\":\"se\",\"userName\":\"安全管理员\",\"order\":4,\"level\":\"global\",\"status\":null}]','callback_permission_apply',306127491628531713,'system','system',0,0,NULL,'2026-04-24 18:01:21.610','2026-04-24 18:01:21.610','system','system'),(306127491792109568,'[{\"type\":\"approver\",\"userId\":\"perm_admin\",\"userName\":\"权限管理员\",\"order\":1,\"level\":\"scene\",\"status\":null},{\"type\":\"approver\",\"userId\":\"admin\",\"userName\":\"系统管理员\",\"order\":2,\"level\":\"global\",\"status\":null},{\"type\":\"approver\",\"userId\":\"it\",\"userName\":\"IT管理员\",\"order\":3,\"level\":\"global\",\"status\":null},{\"type\":\"approver\",\"userId\":\"se\",\"userName\":\"安全管理员\",\"order\":4,\"level\":\"global\",\"status\":null}]','callback_permission_apply',306127491628531714,'system','system',0,0,NULL,'2026-04-24 18:01:21.617','2026-04-24 18:01:21.617','system','system'),(306206615680319488,'[{\"type\":\"approver\",\"userId\":\"event_admin\",\"userName\":\"事件管理员\",\"order\":1,\"level\":\"scene\",\"status\":null},{\"type\":\"approver\",\"userId\":\"admin\",\"userName\":\"系统管理员\",\"order\":2,\"level\":\"global\",\"status\":null},{\"type\":\"approver\",\"userId\":\"it\",\"userName\":\"IT管理员\",\"order\":3,\"level\":\"global\",\"status\":null},{\"type\":\"approver\",\"userId\":\"se\",\"userName\":\"安全管理员\",\"order\":4,\"level\":\"global\",\"status\":null}]','event_register',306206615646765056,'test_creator','test_creator',1,3,'2026-04-25 01:07:03.253','2026-04-24 23:15:46.222','2026-04-25 01:07:03.253','test_creator','se'),(306207647357468672,'[{\"type\":\"approver\",\"userId\":\"event_admin\",\"userName\":\"事件管理员\",\"order\":1,\"level\":\"scene\",\"status\":null},{\"type\":\"approver\",\"userId\":\"admin\",\"userName\":\"系统管理员\",\"order\":2,\"level\":\"global\",\"status\":null},{\"type\":\"approver\",\"userId\":\"it\",\"userName\":\"IT管理员\",\"order\":3,\"level\":\"global\",\"status\":null},{\"type\":\"approver\",\"userId\":\"se\",\"userName\":\"安全管理员\",\"order\":4,\"level\":\"global\",\"status\":null}]','event_register',306207647344885760,'test_applicant_user','test_applicant_user',0,1,NULL,'2026-04-24 23:19:52.193','2026-04-24 23:20:00.239','test_applicant_user','approver_001'),(306211333974523904,'[{\"type\":\"approver\",\"userId\":\"event_admin\",\"userName\":\"事件管理员\",\"order\":1,\"level\":\"scene\",\"status\":null},{\"type\":\"approver\",\"userId\":\"admin\",\"userName\":\"系统管理员\",\"order\":2,\"level\":\"global\",\"status\":null},{\"type\":\"approver\",\"userId\":\"it\",\"userName\":\"IT管理员\",\"order\":3,\"level\":\"global\",\"status\":null},{\"type\":\"approver\",\"userId\":\"se\",\"userName\":\"安全管理员\",\"order\":4,\"level\":\"global\",\"status\":null}]','event_register',306211333957746688,'event_admin','event_admin',1,3,'2026-04-25 00:48:41.998','2026-04-24 23:34:31.151','2026-04-25 00:48:41.998','event_admin','event_admin'),(306236591460843520,'[{\"type\":null,\"userId\":\"event_approval_user1\",\"userName\":\"event_approval_user1\",\"order\":1,\"level\":\"resource\",\"status\":null,\"approveTime\":null,\"comment\":null},{\"type\":\"approver\",\"userId\":\"perm_admin\",\"userName\":\"权限管理员\",\"order\":2,\"level\":\"scene\",\"status\":null,\"approveTime\":null,\"comment\":null},{\"type\":\"approver\",\"userId\":\"admin\",\"userName\":\"系统管理员\",\"order\":3,\"level\":\"global\",\"status\":null,\"approveTime\":null,\"comment\":null},{\"type\":\"approver\",\"userId\":\"it\",\"userName\":\"IT管理员\",\"order\":4,\"level\":\"global\",\"status\":null,\"approveTime\":null,\"comment\":null},{\"type\":\"approver\",\"userId\":\"se\",\"userName\":\"安全管理员\",\"order\":5,\"level\":\"global\",\"status\":null,\"approveTime\":null,\"comment\":null}]','event_permission_apply',306236591423094784,'admin','admin',1,4,'2026-04-25 01:17:31.416','2026-04-25 01:14:53.005','2026-04-25 01:17:31.416','admin','se'),(306240019985596416,'[{\"type\":null,\"userId\":\"121\",\"userName\":\"111\",\"order\":1,\"level\":\"resource\",\"status\":null,\"approveTime\":null,\"comment\":null},{\"type\":\"approver\",\"userId\":\"perm_admin\",\"userName\":\"权限管理员\",\"order\":2,\"level\":\"scene\",\"status\":null,\"approveTime\":null,\"comment\":null},{\"type\":\"approver\",\"userId\":\"admin\",\"userName\":\"系统管理员\",\"order\":3,\"level\":\"global\",\"status\":null,\"approveTime\":null,\"comment\":null},{\"type\":\"approver\",\"userId\":\"it\",\"userName\":\"IT管理员\",\"order\":4,\"level\":\"global\",\"status\":null,\"approveTime\":null,\"comment\":null},{\"type\":\"approver\",\"userId\":\"se\",\"userName\":\"安全管理员\",\"order\":5,\"level\":\"global\",\"status\":null,\"approveTime\":null,\"comment\":null}]','api_permission_apply',306240019952041984,'admin','admin',1,4,'2026-04-25 01:30:47.227','2026-04-25 01:28:30.429','2026-04-25 01:30:47.227','admin','se'),(306248085065957376,'[{\"type\":\"approver\",\"userId\":\"callback_admin\",\"userName\":\"回调管理员\",\"order\":1,\"level\":\"scene\",\"status\":null,\"approveTime\":null,\"comment\":null},{\"type\":\"approver\",\"userId\":\"admin\",\"userName\":\"系统管理员\",\"order\":2,\"level\":\"global\",\"status\":null,\"approveTime\":null,\"comment\":null},{\"type\":\"approver\",\"userId\":\"it\",\"userName\":\"IT管理员\",\"order\":3,\"level\":\"global\",\"status\":null,\"approveTime\":null,\"comment\":null},{\"type\":\"approver\",\"userId\":\"se\",\"userName\":\"安全管理员\",\"order\":4,\"level\":\"global\",\"status\":null,\"approveTime\":null,\"comment\":null}]','callback_register',306248085028208640,'admin','admin',1,3,'2026-04-25 02:02:02.247','2026-04-25 02:00:33.294','2026-04-25 02:02:02.247','admin','se'),(306248516320100352,'[{\"type\":null,\"userId\":\"callback_approval_user3\",\"userName\":\"callback_approval_user3\",\"order\":1,\"level\":\"resource\",\"status\":null,\"approveTime\":null,\"comment\":null},{\"type\":\"approver\",\"userId\":\"perm_admin\",\"userName\":\"权限管理员\",\"order\":2,\"level\":\"scene\",\"status\":null,\"approveTime\":null,\"comment\":null},{\"type\":\"approver\",\"userId\":\"admin\",\"userName\":\"系统管理员\",\"order\":3,\"level\":\"global\",\"status\":null,\"approveTime\":null,\"comment\":null},{\"type\":\"approver\",\"userId\":\"it\",\"userName\":\"IT管理员\",\"order\":4,\"level\":\"global\",\"status\":null,\"approveTime\":null,\"comment\":null},{\"type\":\"approver\",\"userId\":\"se\",\"userName\":\"安全管理员\",\"order\":5,\"level\":\"global\",\"status\":null,\"approveTime\":null,\"comment\":null}]','callback_permission_apply',306248516307517440,'se','se',1,4,'2026-04-25 02:03:38.622','2026-04-25 02:02:16.113','2026-04-25 02:03:38.622','se','se'),(306261553164845056,'[{\"type\":\"approver\",\"userId\":\"perm_admin\",\"userName\":\"权限管理员\",\"order\":1,\"level\":\"scene\",\"status\":null,\"approveTime\":null,\"comment\":null},{\"type\":\"approver\",\"userId\":\"admin\",\"userName\":\"系统管理员\",\"order\":2,\"level\":\"global\",\"status\":null,\"approveTime\":null,\"comment\":null},{\"type\":\"approver\",\"userId\":\"it\",\"userName\":\"IT管理员\",\"order\":3,\"level\":\"global\",\"status\":null,\"approveTime\":null,\"comment\":null},{\"type\":\"approver\",\"userId\":\"se\",\"userName\":\"安全管理员\",\"order\":4,\"level\":\"global\",\"status\":null,\"approveTime\":null,\"comment\":null}]','api_permission_apply',306261553114513408,'se','se',0,0,NULL,'2026-04-25 02:54:04.339','2026-04-25 02:54:04.339','se','se');
/*!40000 ALTER TABLE `openplatform_v2_approval_record_t` ENABLE KEYS */;
UNLOCK TABLES;

--
-- Dumping data for table `openplatform_v2_callback_p_t`
--

LOCK TABLES `openplatform_v2_callback_p_t` WRITE;
/*!40000 ALTER TABLE `openplatform_v2_callback_p_t` DISABLE KEYS */;
INSERT INTO `openplatform_v2_callback_p_t` (`id`, `parent_id`, `property_name`, `property_value`, `status`, `create_time`, `last_update_time`, `create_by`, `last_update_by`) VALUES (306125653474803713,306125653470609408,'descriptionCn','审批完成后通知第三方系统',1,'2026-04-24 17:54:03.328','2026-04-24 17:54:03.328','system','system'),(306125656205295616,306125656196907008,'descriptionCn','支付完成后通知商户',1,'2026-04-24 17:54:03.979','2026-04-24 17:54:03.979','system','system'),(306125818357088256,306125818348699648,'descriptionCn','审批完成后通知第三方系统',1,'2026-04-24 17:54:42.639','2026-04-24 17:54:42.639','system','system'),(306125821066608640,306125821062414336,'descriptionCn','支付完成后通知商户',1,'2026-04-24 17:54:43.285','2026-04-24 17:54:43.285','system','system'),(306238072624775168,306126677115666432,'docUrl','http://192.168.3.21:5173/callbacks?appId=1&caps=bot',1,'2026-04-25 01:20:46.142','2026-04-25 01:20:46.142','admin','admin'),(306247225011339264,306207154312839168,'callback_prop1','callback_value1',1,'2026-04-25 01:57:08.241','2026-04-25 01:57:08.241','admin','admin'),(306248085070151680,306248085028208640,'docUrl','http://192.168.3.21:5173/basic-info?appId=1&caps=bot',1,'2026-04-25 02:00:33.295','2026-04-25 02:00:33.295','admin','admin');
/*!40000 ALTER TABLE `openplatform_v2_callback_p_t` ENABLE KEYS */;
UNLOCK TABLES;

--
-- Dumping data for table `openplatform_v2_callback_t`
--

LOCK TABLES `openplatform_v2_callback_t` WRITE;
/*!40000 ALTER TABLE `openplatform_v2_callback_t` DISABLE KEYS */;
INSERT INTO `openplatform_v2_callback_t` (`id`, `name_cn`, `name_en`, `category_id`, `status`, `create_time`, `last_update_time`, `create_by`, `last_update_by`) VALUES (306102016189399040,'订单状态回调','Order Status Callback',305654385424203776,1,'2026-04-24 16:20:07.760','2026-04-24 16:20:07.760','system','system'),(306102080701988864,'支付通知回调（无需审批）','Payment Notification Callback',305654385424203776,2,'2026-04-24 16:20:23.141','2026-04-24 16:20:23.141','system','system'),(306125653470609408,'审批完成回调','审批完成回调',305650853237227520,2,'2026-04-24 17:54:03.327','2026-04-24 17:54:03.327','system','system'),(306125656196907008,'支付结果通知回调','支付结果通知回调',305650853237227520,2,'2026-04-24 17:54:03.977','2026-04-24 17:54:03.977','system','system'),(306125818348699648,'审批完成回调','审批完成回调',305650853237227520,2,'2026-04-24 17:54:42.637','2026-04-24 17:54:42.637','system','system'),(306125821062414336,'支付结果通知回调','支付结果通知回调',305650853237227520,2,'2026-04-24 17:54:43.284','2026-04-24 17:54:43.284','system','system'),(306126675224035328,'测试回调-1777024684-1','Test Callback 1777024684-1',305650853237227520,2,'2026-04-24 17:58:06.932','2026-04-24 17:58:06.932','system','system'),(306126675697991680,'测试回调-1777024684-2','Test Callback 1777024684-2',305650853237227520,2,'2026-04-24 17:58:07.045','2026-04-24 17:58:07.045','system','system'),(306126676167753728,'测试回调-1777024684-3','Test Callback 1777024684-3',305650853237227520,2,'2026-04-24 17:58:07.157','2026-04-24 17:58:07.157','system','system'),(306126676641710080,'测试回调-1777024684-4','Test Callback 1777024684-4',305650853237227520,2,'2026-04-24 17:58:07.270','2026-04-24 17:58:07.270','system','system'),(306126677115666432,'测试回调-1777024684-5','Test Callback 1777024684-5',305650853237227520,2,'2026-04-24 17:58:07.383','2026-04-25 01:20:46.139','system','admin'),(306206835851919360,'测试回调用户验证-已更新','Test Callback User Verification',305654385424203776,2,'2026-04-24 23:16:38.715','2026-04-24 23:16:44.007','test_callback_user','test_callback_updater'),(306207154312839168,'测试回调属性用户验证','Test Callback Property User Verification',305654385424203776,2,'2026-04-24 23:17:54.642','2026-04-25 01:57:08.239','test_callback_prop_user','admin'),(306248085028208640,'测试回调-177','TestCallback117',305654385424203776,2,'2026-04-25 02:00:33.285','2026-04-25 02:02:02.248','admin','admin');
/*!40000 ALTER TABLE `openplatform_v2_callback_t` ENABLE KEYS */;
UNLOCK TABLES;

--
-- Dumping data for table `openplatform_v2_category_owner_t`
--

LOCK TABLES `openplatform_v2_category_owner_t` WRITE;
/*!40000 ALTER TABLE `openplatform_v2_category_owner_t` DISABLE KEYS */;
INSERT INTO `openplatform_v2_category_owner_t` (`id`, `category_id`, `user_id`, `user_name`, `create_time`, `last_update_time`, `create_by`, `last_update_by`) VALUES (306207077817122816,306207019780538368,'owner_001','测试责任人','2026-04-24 23:17:36.404','2026-04-24 23:17:36.404','test_owner_user','test_owner_user');
/*!40000 ALTER TABLE `openplatform_v2_category_owner_t` ENABLE KEYS */;
UNLOCK TABLES;

--
-- Dumping data for table `openplatform_v2_category_t`
--

LOCK TABLES `openplatform_v2_category_t` WRITE;
/*!40000 ALTER TABLE `openplatform_v2_category_t` DISABLE KEYS */;
INSERT INTO `openplatform_v2_category_t` (`id`, `category_alias`, `name_cn`, `name_en`, `parent_id`, `path`, `sort_order`, `status`, `create_time`, `last_update_time`, `create_by`, `last_update_by`) VALUES (305650853237227520,'api_business_app_soa','API-业务应用-应用身份-SOA','appsoa',NULL,'/305650853237227520/',1,1,'2026-04-24 16:10:31.767','2026-04-24 16:10:31.767','system','system'),(305650973508894720,'api_business_app_apig','API-业务应用-应用身份-APIG','appapig',NULL,'/305650973508894720/',2,1,'2026-04-24 16:10:31.769','2026-04-24 16:10:31.769','system','system'),(305652258039660544,NULL,'消息','IM',305650853237227520,'/305650853237227520/305652258039660544/',0,1,'2026-04-24 16:10:31.775','2026-04-24 16:10:31.775','system','system'),(305652314155253760,NULL,'会议','Metting',305650853237227520,'/305650853237227520/305652314155253760/',0,1,'2026-04-24 16:10:31.775','2026-04-24 16:10:31.775','system','system'),(305652407616929792,NULL,'云盘','CloudBox',305650973508894720,'/305650973508894720/305652407616929792/',0,1,'2026-04-24 16:10:31.776','2026-04-24 16:10:31.776','system','system'),(305653292027871232,'event','事件','event',NULL,'/305653292027871232/',9,1,'2026-04-24 16:10:31.774','2026-04-24 16:10:31.774','system','system'),(305654385424203776,'callback','回调','callback',NULL,'/305654385424203776/',6,1,'2026-04-24 16:10:31.773','2026-04-24 16:10:31.773','system','system'),(305654654555914240,'api_personal_user_aksk','API-个人应用-用户身份-AKSK','persional_aksk',NULL,'/305654654555914240/',5,1,'2026-04-24 16:10:31.772','2026-04-24 16:10:31.772','system','system'),(305654770410979328,NULL,'文档','Doc',305654654555914240,'/305654654555914240/305654770410979328/',0,1,'2026-04-24 16:10:31.777','2026-04-24 16:10:31.777','system','system'),(305664724417118208,'api_business_user_soa','API-业务应用-用户身份-SOA','api_business_user_soa',NULL,'/305664724417118208/',3,1,'2026-04-24 16:10:31.770','2026-04-24 16:10:31.770','system','system'),(305664845166936064,'api_business_user_apig','API-业务应用-用户身份-APIG','api_business_user_apig',NULL,'/305664845166936064/',4,1,'2026-04-24 16:10:31.771','2026-04-24 16:10:31.771','system','system'),(305664882441424896,NULL,'日历','Calendar',305664724417118208,'/305664724417118208/305664882441424896/',0,1,'2026-04-24 16:10:31.779','2026-04-24 16:10:31.779','system','system'),(305664906697940992,NULL,'待办','Todo',305664845166936064,'/305664845166936064/305664906697940992/',0,1,'2026-04-24 16:10:31.780','2026-04-24 16:10:31.780','system','system'),(306123814910033920,'test-im-1777024004','测试分类-IM业务','Test Category 1777024004',NULL,'/306123814910033920/',1,1,'2026-04-24 17:46:44.980','2026-04-24 17:46:44.980','system','system'),(306123815836975104,'test-meeting-1777024004','测试分类-会议业务','Test Category 1777024004',NULL,'/306123815836975104/',1,1,'2026-04-24 17:46:45.201','2026-04-24 17:46:45.201','system','system'),(306123816747139072,'test-cloud-1777024004','测试分类-云盘业务','Test Category 1777024004',NULL,'/306123816747139072/',1,1,'2026-04-24 17:46:45.418','2026-04-24 17:46:45.418','system','system'),(306207019780538368,NULL,'测试分类用户验证-已更新','Test Category User Verification - Updated',NULL,'/306207019780538368/',NULL,1,'2026-04-24 23:17:22.567','2026-04-24 23:17:32.206','test_category_user','test_category_updater');
/*!40000 ALTER TABLE `openplatform_v2_category_t` ENABLE KEYS */;
UNLOCK TABLES;

--
-- Dumping data for table `openplatform_v2_event_p_t`
--

LOCK TABLES `openplatform_v2_event_p_t` WRITE;
/*!40000 ALTER TABLE `openplatform_v2_event_p_t` DISABLE KEYS */;
INSERT INTO `openplatform_v2_event_p_t` (`id`, `parent_id`, `property_name`, `property_value`, `status`, `create_time`, `last_update_time`, `create_by`, `last_update_by`) VALUES (306125026065645568,306125026057256960,'descriptionCn','文件上传完成时触发',1,'2026-04-24 17:51:33.742','2026-04-24 17:51:33.742','system','system'),(306125028796137472,306125028787748864,'descriptionCn','审批流程完成时触发',1,'2026-04-24 17:51:34.393','2026-04-24 17:51:34.393','system','system'),(306125814708043776,306125814699655168,'descriptionCn','文件上传完成时触发',1,'2026-04-24 17:54:41.769','2026-04-24 17:54:41.769','system','system'),(306125817430147072,306125817425952768,'descriptionCn','审批流程完成时触发',1,'2026-04-24 17:54:42.418','2026-04-24 17:54:42.418','system','system'),(306134805139947520,306102002838929408,'docUrl','http://192.168.3.21:5173/events?appId=1&caps=bot',1,'2026-04-24 18:30:25.255','2026-04-24 18:30:25.255','system','system'),(306207127045668864,306207127037280256,'prop1','value1',1,'2026-04-24 23:17:48.141','2026-04-24 23:17:48.141','test_event_prop_user','test_event_prop_user'),(306207127045668865,306207127037280256,'prop2','value2',1,'2026-04-24 23:17:48.141','2026-04-24 23:17:48.141','test_event_prop_user','test_event_prop_user'),(306211333978718208,306211333957746688,'docUrl','http://192.168.3.21:5173/api/v1/user-info',1,'2026-04-24 23:34:31.152','2026-04-24 23:34:31.152','event_admin','event_admin');
/*!40000 ALTER TABLE `openplatform_v2_event_p_t` ENABLE KEYS */;
UNLOCK TABLES;

--
-- Dumping data for table `openplatform_v2_event_t`
--

LOCK TABLES `openplatform_v2_event_t` WRITE;
/*!40000 ALTER TABLE `openplatform_v2_event_t` DISABLE KEYS */;
INSERT INTO `openplatform_v2_event_t` (`id`, `name_cn`, `name_en`, `category_id`, `topic`, `status`, `create_time`, `last_update_time`, `create_by`, `last_update_by`) VALUES (306102002838929408,'消息接收事件','Message Received Event',305653292027871232,'im.message.received',1,'2026-04-24 16:20:04.577','2026-04-24 18:30:25.250','system','system'),(306102069780021248,'用户登录事件（无需审批）','User Login Event',305653292027871232,'user.login.success',2,'2026-04-24 16:20:20.537','2026-04-24 16:20:20.537','system','system'),(306125026057256960,'文件上传完成事件','文件上传完成事件',305650853237227520,'test.event.1777024291.921',2,'2026-04-24 17:51:33.740','2026-04-24 17:51:33.740','system','system'),(306125028787748864,'审批完成事件','审批完成事件',305650853237227520,'test.event.1777024291.30618',2,'2026-04-24 17:51:34.391','2026-04-24 17:51:34.391','system','system'),(306125814699655168,'文件上传完成事件','文件上传完成事件',305650853237227520,'test.event.1777024479.1362',2,'2026-04-24 17:54:41.767','2026-04-24 17:54:41.767','system','system'),(306125817425952768,'审批完成事件','审批完成事件',305650853237227520,'test.event.1777024479.27080',2,'2026-04-24 17:54:42.417','2026-04-24 17:54:42.417','system','system'),(306126741993160704,'测试事件-1777024702-1','Test Event 1777024702-1',305650853237227520,'test-event-1777024702-1',2,'2026-04-24 17:58:22.851','2026-04-24 17:58:22.851','system','system'),(306126742471311360,'测试事件-1777024702-2','Test Event 1777024702-2',305650853237227520,'test-event-1777024702-2',2,'2026-04-24 17:58:22.965','2026-04-24 17:58:22.965','system','system'),(306126742953656320,'测试事件-1777024702-3','Test Event 1777024702-3',305650853237227520,'test-event-1777024702-3',2,'2026-04-24 17:58:23.080','2026-04-24 17:58:23.080','system','system'),(306126743436001280,'测试事件-1777024702-4','Test Event 1777024702-4',305650853237227520,'test-event-1777024702-4',2,'2026-04-24 17:58:23.195','2026-04-24 17:58:23.195','system','system'),(306126743918346240,'测试事件-1777024702-5','Test Event 1777024702-5',305650853237227520,'test-event-1777024702-5',2,'2026-04-24 17:58:23.310','2026-04-24 17:58:23.310','system','system'),(306126744388108288,'测试事件-1777024702-6','Test Event 1777024702-6',305650853237227520,'test-event-1777024702-6',2,'2026-04-24 17:58:23.422','2026-04-24 17:58:23.422','system','system'),(306126744866258944,'测试事件-1777024702-7','Test Event 1777024702-7',305650853237227520,'test-event-1777024702-7',2,'2026-04-24 17:58:23.536','2026-04-24 17:58:23.536','system','system'),(306126745352798208,'测试事件-1777024702-8','Test Event 1777024702-8',305650853237227520,'test-event-1777024702-8',2,'2026-04-24 17:58:23.652','2026-04-24 17:58:23.652','system','system'),(306206339594452992,'测试事件用户验证','Test Event User Verification',305653292027871232,'test.user.verification',2,'2026-04-24 23:14:40.398','2026-04-24 23:14:40.398','test_event_user','test_event_user'),(306206494532042752,'测试事件用户验证-草稿','Test Event User Verification Draft',305653292027871232,'test.user.draft',2,'2026-04-24 23:15:17.338','2026-04-24 23:15:17.338','test_event_user2','test_event_user2'),(306206615646765056,'测试事件-待审状态-已更新','Test Event Pending',305653292027871232,'test.pending.update',2,'2026-04-24 23:15:46.214','2026-04-25 01:07:03.254','test_creator','test_creator'),(306207127037280256,'测试事件属性用户验证','Test Event Property User Verification',306207019780538368,'test_topic',2,'2026-04-24 23:17:48.139','2026-04-24 23:17:48.139','test_event_prop_user','test_event_prop_user'),(306207647344885760,'测试审批用户验证事件','Test Approval User Verification Event',305653292027871232,'test.approval.user.verify',1,'2026-04-24 23:19:52.190','2026-04-24 23:19:52.190','test_applicant_user','test_applicant_user'),(306211333957746688,'事件审批流程测试111','EventApprovlTest111',305653292027871232,'pl.event.test',2,'2026-04-24 23:34:31.147','2026-04-25 00:48:41.999','event_admin','event_admin');
/*!40000 ALTER TABLE `openplatform_v2_event_t` ENABLE KEYS */;
UNLOCK TABLES;

--
-- Dumping data for table `openplatform_v2_permission_p_t`
--

LOCK TABLES `openplatform_v2_permission_p_t` WRITE;
/*!40000 ALTER TABLE `openplatform_v2_permission_p_t` DISABLE KEYS */;
/*!40000 ALTER TABLE `openplatform_v2_permission_p_t` ENABLE KEYS */;
UNLOCK TABLES;

--
-- Dumping data for table `openplatform_v2_permission_t`
--

LOCK TABLES `openplatform_v2_permission_t` WRITE;
/*!40000 ALTER TABLE `openplatform_v2_permission_t` DISABLE KEYS */;
INSERT INTO `openplatform_v2_permission_t` (`id`, `name_cn`, `name_en`, `scope`, `resource_type`, `resource_id`, `category_id`, `need_approval`, `resource_nodes`, `status`, `create_time`, `last_update_time`, `create_by`, `last_update_by`) VALUES (306099736513871872,'发送消息权限','Send Message Permission','api:im:send-message','api',306099736492900352,305652258039660544,1,'[{\"type\":\"approver\",\"userId\":\"im_leader\",\"userName\":\"IM负责人\",\"order\":1}]',1,'2026-04-24 16:11:04.238','2026-04-24 16:11:04.238','system','system'),(306102002843123712,'消息接收权限','Message Received Permission','event:im:message-received','event',306102002838929408,305653292027871232,1,'[{\"type\":\"approver\",\"userId\":\"event_leader\",\"userName\":\"事件负责人\",\"order\":1}]',1,'2026-04-24 16:20:04.578','2026-04-24 18:30:25.252','system','system'),(306102016193593344,'订单状态回调权限','Order Status Callback Permission','callback:order:status-update','callback',306102016189399040,305654385424203776,1,'[{\"type\":\"approver\",\"userId\":\"order_leader\",\"userName\":\"订单负责人\",\"order\":1}]',1,'2026-04-24 16:20:07.761','2026-04-24 16:20:07.761','system','system'),(306102069784215552,'用户登录权限','User Login Permission','event:user:login-success','event',306102069780021248,305653292027871232,0,NULL,1,'2026-04-24 16:20:20.538','2026-04-24 16:20:20.538','system','system'),(306102080714571776,'支付通知权限','Payment Notification Permission','callback:payment:notification','callback',306102080701988864,305654385424203776,0,NULL,1,'2026-04-24 16:20:23.144','2026-04-24 16:20:23.144','system','system'),(306105998152564736,'13213123123','231231231231','api:mt:message-get','api',306105998139981824,305652314155253760,1,'[{\"userId\":\"121\",\"userName\":\"111\",\"order\":\"1\"}]',1,'2026-04-24 16:35:57.131','2026-04-25 02:05:33.073','system','se'),(306123818638770176,'获取用户信息API权限','获取用户信息API Permission','api:test:1777024004-31014','api',306123818634575872,306123814910033920,0,'[]',1,'2026-04-24 17:46:45.868','2026-04-24 17:46:45.868','system','system'),(306123821369262080,'查询订单API权限','查询订单API Permission','api:test:1777024004-5936','api',306123821365067776,306123814910033920,0,'[]',1,'2026-04-24 17:46:46.519','2026-04-24 17:46:46.519','system','system'),(306123823189590016,'发送邮件API权限','发送邮件API Permission','api:test:1777024004-13955','api',306123823185395712,306123814910033920,0,'[]',1,'2026-04-24 17:46:46.953','2026-04-24 17:46:46.953','system','system'),(306123824112336896,'查询日程API权限','查询日程API Permission','api:test:1777024004-1710','api',306123824108142592,306123814910033920,0,'[]',1,'2026-04-24 17:46:47.173','2026-04-24 17:46:47.173','system','system'),(306124598187917312,'获取用户信息API权限','获取用户信息API Permission','api:test:1777024191-27879','api',306124598183723008,305650853237227520,0,'[]',1,'2026-04-24 17:49:51.727','2026-04-24 17:49:51.727','system','system'),(306124600910020608,'查询订单API权限','查询订单API Permission','api:test:1777024191-8644','api',306124600905826304,305650853237227520,0,'[]',1,'2026-04-24 17:49:52.376','2026-04-24 17:49:52.376','system','system'),(306124602734542848,'发送邮件API权限','发送邮件API Permission','api:test:1777024191-7055','api',306124602730348544,305650853237227520,0,'[]',1,'2026-04-24 17:49:52.811','2026-04-24 17:49:52.811','system','system'),(306124603657289728,'查询日程API权限','查询日程API Permission','api:test:1777024191-17254','api',306124603653095424,305650853237227520,0,'[]',1,'2026-04-24 17:49:53.031','2026-04-24 17:49:53.031','system','system'),(306125016972394497,'获取用户信息API权限','获取用户信息API Permission','api:test:1777024291-10544','api',306125016972394496,305650853237227520,0,'[]',1,'2026-04-24 17:51:31.574','2026-04-24 17:51:31.574','system','system'),(306125019702886400,'查询订单API权限','查询订单API Permission','api:test:1777024291-24427','api',306125019698692096,305650853237227520,0,'[]',1,'2026-04-24 17:51:32.224','2026-04-24 17:51:32.224','system','system'),(306125021519020033,'发送邮件API权限','发送邮件API Permission','api:test:1777024291-24111','api',306125021519020032,305650853237227520,0,'[]',1,'2026-04-24 17:51:32.658','2026-04-24 17:51:32.658','system','system'),(306125022445961216,'查询日程API权限','查询日程API Permission','api:test:1777024291-20199','api',306125022441766912,305650853237227520,0,'[]',1,'2026-04-24 17:51:32.878','2026-04-24 17:51:32.878','system','system'),(306125026061451264,'文件上传完成事件权限','文件上传完成事件 Permission','event:test:1777024291-2070','event',306125026057256960,305650853237227520,0,'[]',1,'2026-04-24 17:51:33.741','2026-04-24 17:51:33.741','system','system'),(306125028791943168,'审批完成事件权限','审批完成事件 Permission','event:test:1777024291-6014','event',306125028787748864,305650853237227520,0,'[]',1,'2026-04-24 17:51:34.392','2026-04-24 17:51:34.392','system','system'),(306125653474803712,'审批完成回调权限','审批完成回调 Permission','callback:test:callback_12743','callback',306125653470609408,305650853237227520,0,'[]',1,'2026-04-24 17:54:03.328','2026-04-24 17:54:03.328','system','system'),(306125656201101312,'支付结果通知回调权限','支付结果通知回调 Permission','callback:test:callback_14852','callback',306125656196907008,305650853237227520,0,'[]',1,'2026-04-24 17:54:03.978','2026-04-24 17:54:03.978','system','system'),(306125805598015488,'获取用户信息API权限','获取用户信息API Permission','api:test:api30185','api',306125805593821184,305650853237227520,0,'[]',1,'2026-04-24 17:54:39.596','2026-04-24 17:54:39.596','system','system'),(306125808320118784,'查询订单API权限','查询订单API Permission','api:test:api00937','api',306125808315924480,305650853237227520,0,'[]',1,'2026-04-24 17:54:40.245','2026-04-24 17:54:40.245','system','system'),(306125810148835329,'发送邮件API权限','发送邮件API Permission','api:test:api15665','api',306125810148835328,305650853237227520,0,'[]',1,'2026-04-24 17:54:40.682','2026-04-24 17:54:40.682','system','system'),(306125811075776513,'查询日程API权限','查询日程API Permission','api:test:api19326','api',306125811075776512,305650853237227520,0,'[]',1,'2026-04-24 17:54:40.903','2026-04-24 17:54:40.903','system','system'),(306125814703849472,'文件上传完成事件权限','文件上传完成事件 Permission','event:test:event17655','event',306125814699655168,305650853237227520,0,'[]',1,'2026-04-24 17:54:41.768','2026-04-24 17:54:41.768','system','system'),(306125817425952769,'审批完成事件权限','审批完成事件 Permission','event:test:event18676','event',306125817425952768,305650853237227520,0,'[]',1,'2026-04-24 17:54:42.417','2026-04-24 17:54:42.417','system','system'),(306125818352893952,'审批完成回调权限','审批完成回调 Permission','callback:test:callback_11335','callback',306125818348699648,305650853237227520,0,'[]',1,'2026-04-24 17:54:42.638','2026-04-24 17:54:42.638','system','system'),(306125821062414337,'支付结果通知回调权限','支付结果通知回调 Permission','callback:test:callback_24917','callback',306125821062414336,305650853237227520,0,'[]',1,'2026-04-24 17:54:43.284','2026-04-24 17:54:43.284','system','system'),(306125981289021440,'测试API权限','Test API Permission','api:test:manual001','api',306125981284827136,305650853237227520,1,'[{\"type\":\"approver\",\"userId\":\"test_approver\",\"userName\":\"测试审批人\",\"order\":1}]',1,'2026-04-24 17:55:21.484','2026-04-24 17:55:21.484','system','system'),(306126666810261505,'测试API权限-1','Test API Permission 1','api:test:api17770246841','api',306126666810261504,305650853237227520,0,NULL,1,'2026-04-24 17:58:04.926','2026-04-24 17:58:04.926','system','system'),(306126667288412160,'测试API权限-2','Test API Permission 2','api:test:api17770246842','api',306126667284217856,305650853237227520,0,NULL,1,'2026-04-24 17:58:05.039','2026-04-24 17:58:05.039','system','system'),(306126667758174209,'测试API权限-3','Test API Permission 3','api:test:api17770246843','api',306126667758174208,305650853237227520,0,NULL,1,'2026-04-24 17:58:05.152','2026-04-24 17:58:05.152','system','system'),(306126668236324864,'测试API权限-4','Test API Permission 4','api:test:api17770246844','api',306126668232130560,305650853237227520,0,NULL,1,'2026-04-24 17:58:05.265','2026-04-24 17:58:05.265','system','system'),(306126668714475520,'测试API权限-5','Test API Permission 5','api:test:api17770246845','api',306126668710281216,305650853237227520,0,NULL,1,'2026-04-24 17:58:05.379','2026-04-24 17:58:05.379','system','system'),(306126669188431872,'测试API权限-6','Test API Permission 6','api:test:api17770246846','api',306126669184237568,305650853237227520,0,NULL,1,'2026-04-24 17:58:05.492','2026-04-24 17:58:05.492','system','system'),(306126669670776833,'测试API权限-7','Test API Permission 7','api:test:api17770246847','api',306126669670776832,305650853237227520,0,NULL,1,'2026-04-24 17:58:05.608','2026-04-24 17:58:05.608','system','system'),(306126670148927488,'测试API权限-8','Test API Permission 8','api:test:api17770246848','api',306126670144733184,305650853237227520,0,NULL,1,'2026-04-24 17:58:05.721','2026-04-24 17:58:05.721','system','system'),(306126670627078144,'测试API权限-9','Test API Permission 9','api:test:api17770246849','api',306126670622883840,305650853237227520,0,NULL,1,'2026-04-24 17:58:05.835','2026-04-24 17:58:05.835','system','system'),(306126671105228800,'测试API权限-10','Test API Permission 10','api:test:api177702468410','api',306126671101034496,305650853237227520,0,NULL,1,'2026-04-24 17:58:05.949','2026-04-24 18:18:30.024','system','system'),(306126675228229632,'测试回调权限-1','Test Callback Permission 1','callback:test:callback17770246841','callback',306126675224035328,305650853237227520,0,NULL,1,'2026-04-24 17:58:06.933','2026-04-24 17:58:06.933','system','system'),(306126675697991681,'测试回调权限-2','Test Callback Permission 2','callback:test:callback17770246842','callback',306126675697991680,305650853237227520,0,NULL,1,'2026-04-24 17:58:07.045','2026-04-24 17:58:07.045','system','system'),(306126676171948032,'测试回调权限-3','Test Callback Permission 3','callback:test:callback17770246843','callback',306126676167753728,305650853237227520,0,NULL,1,'2026-04-24 17:58:07.158','2026-04-24 17:58:07.158','system','system'),(306126676645904384,'测试回调权限-4','Test Callback Permission 4','callback:test:callback17770246844','callback',306126676641710080,305650853237227520,0,NULL,1,'2026-04-24 17:58:07.271','2026-04-24 17:58:07.271','system','system'),(306126677119860736,'测试回调权限-5','Test Callback Permission 5','callback:test:callback17770246845','callback',306126677115666432,305650853237227520,0,NULL,1,'2026-04-24 17:58:07.384','2026-04-25 01:20:46.140','system','admin'),(306126741993160705,'测试事件权限-1','Test Event Permission 1','event:test:event17770247021','event',306126741993160704,305650853237227520,0,NULL,1,'2026-04-24 17:58:22.851','2026-04-24 17:58:22.851','system','system'),(306126742475505664,'测试事件权限-2','Test Event Permission 2','event:test:event17770247022','event',306126742471311360,305650853237227520,0,NULL,1,'2026-04-24 17:58:22.966','2026-04-24 17:58:22.966','system','system'),(306126742953656321,'测试事件权限-3','Test Event Permission 3','event:test:event17770247023','event',306126742953656320,305650853237227520,0,NULL,1,'2026-04-24 17:58:23.081','2026-04-24 17:58:23.081','system','system'),(306126743440195584,'测试事件权限-4','Test Event Permission 4','event:test:event17770247024','event',306126743436001280,305650853237227520,0,NULL,1,'2026-04-24 17:58:23.196','2026-04-24 17:58:23.196','system','system'),(306126743918346241,'测试事件权限-5','Test Event Permission 5','event:test:event17770247025','event',306126743918346240,305650853237227520,0,NULL,1,'2026-04-24 17:58:23.310','2026-04-24 17:58:23.310','system','system'),(306126744392302592,'测试事件权限-6','Test Event Permission 6','event:test:event17770247026','event',306126744388108288,305650853237227520,0,NULL,1,'2026-04-24 17:58:23.423','2026-04-24 17:58:23.423','system','system'),(306126744866258945,'测试事件权限-7','Test Event Permission 7','event:test:event17770247027','event',306126744866258944,305650853237227520,0,NULL,1,'2026-04-24 17:58:23.537','2026-04-24 17:58:23.537','system','system'),(306126745352798209,'测试事件权限-8','Test Event Permission 8','event:test:event17770247028','event',306126745352798208,305650853237227520,0,NULL,1,'2026-04-24 17:58:23.652','2026-04-24 17:58:23.652','system','system'),(306205919719456768,'测试权限','test-permission','api:test:user-verify','api',306205919702679552,306123814910033920,0,NULL,1,'2026-04-24 23:13:00.288','2026-04-24 23:13:00.288','test_user_api','test_user_api'),(306206339598647296,'测试事件权限','test-event-permission','event:test:user','event',306206339594452992,305653292027871232,0,NULL,1,'2026-04-24 23:14:40.399','2026-04-24 23:14:40.399','test_event_user','test_event_user'),(306206494536237056,'测试事件权限-草稿','test-event-permission-draft','event:test:draft','event',306206494532042752,305653292027871232,0,NULL,1,'2026-04-24 23:15:17.339','2026-04-24 23:15:17.339','test_event_user2','test_event_user2'),(306206615650959360,'测试权限-待审','test-permission-pending','event:test:pending','event',306206615646765056,305653292027871232,1,NULL,1,'2026-04-24 23:15:46.215','2026-04-24 23:15:46.215','test_creator','test_creator'),(306206835856113664,'测试回调权限','test-callback-permission','callback:test:user_verify','callback',306206835851919360,305654385424203776,0,NULL,1,'2026-04-24 23:16:38.716','2026-04-24 23:16:38.716','test_callback_user','test_callback_user'),(306207127041474560,'测试权限','test-permission','event:test:prop','event',306207127037280256,306207019780538368,0,NULL,1,'2026-04-24 23:17:48.140','2026-04-24 23:17:48.140','test_event_prop_user','test_event_prop_user'),(306207154317033472,'测试权限','test-permission','callback:test:prop','callback',306207154312839168,305654385424203776,0,NULL,1,'2026-04-24 23:17:54.643','2026-04-25 01:57:08.240','test_callback_prop_user','admin'),(306207647349080064,'测试审批权限','test-approval-permission','event:test:approval-user-verify','event',306207647344885760,305653292027871232,1,'[{\"type\":\"approver\",\"userId\":\"approver_001\",\"userName\":\"审批人1\",\"order\":1}]',1,'2026-04-24 23:19:52.191','2026-04-24 23:19:52.191','test_applicant_user','test_applicant_user'),(306211333961940992,'事件审批流程测试111','EventApprovlTest111','event:pl:approvel-test','event',306211333957746688,305653292027871232,1,'[{\"userId\":\"event_approval_user1\",\"userName\":\"event_approval_user1\",\"order\":\"1\"}]',1,'2026-04-24 23:34:31.148','2026-04-24 23:34:31.148','event_admin','event_admin'),(306248085032402944,'测试回调-177','TestCallback117','callback:mt:callback1213','callback',306248085028208640,305654385424203776,1,'[{\"userId\":\"callback_approval_user3\",\"userName\":\"callback_approval_user3\",\"order\":\"1\"}]',1,'2026-04-25 02:00:33.286','2026-04-25 02:00:33.286','admin','admin');
/*!40000 ALTER TABLE `openplatform_v2_permission_t` ENABLE KEYS */;
UNLOCK TABLES;

--
-- Dumping data for table `openplatform_v2_subscription_t`
--

LOCK TABLES `openplatform_v2_subscription_t` WRITE;
/*!40000 ALTER TABLE `openplatform_v2_subscription_t` DISABLE KEYS */;
INSERT INTO `openplatform_v2_subscription_t` (`id`, `app_id`, `permission_id`, `status`, `channel_type`, `channel_address`, `auth_type`, `approved_at`, `approved_by`, `create_time`, `last_update_time`, `create_by`, `last_update_by`) VALUES (306100000725663744,1001,306099736513871872,0,NULL,NULL,1,NULL,NULL,'2026-04-24 16:12:07.235','2026-04-24 16:12:07.235','system','system'),(306100123123843072,1001,306100100613013504,0,NULL,NULL,1,NULL,NULL,'2026-04-24 16:12:36.417','2026-04-24 16:12:36.417','system','system'),(306107823048097792,1,306102002843123712,0,NULL,NULL,1,NULL,NULL,'2026-04-24 16:43:12.222','2026-04-24 16:43:12.222','system','system'),(306107823052292096,1,306102069784215552,0,NULL,NULL,1,NULL,NULL,'2026-04-24 16:43:12.222','2026-04-24 16:43:12.222','system','system'),(306107996285435904,1,306102016193593344,0,NULL,NULL,1,NULL,NULL,'2026-04-24 16:43:53.526','2026-04-24 16:43:53.526','system','system'),(306107996289630208,1,306102080714571776,0,NULL,NULL,1,NULL,NULL,'2026-04-24 16:43:53.526','2026-04-24 16:43:53.526','system','system'),(306127058944131072,1,306125814703849472,0,NULL,NULL,1,NULL,NULL,'2026-04-24 17:59:38.417','2026-04-24 17:59:38.417','system','system'),(306127058948325376,1,306125817425952769,3,NULL,NULL,1,NULL,NULL,'2026-04-24 17:59:38.417','2026-04-25 01:59:05.598','system','admin'),(306127058948325377,1,306126741993160705,3,NULL,NULL,1,NULL,NULL,'2026-04-24 17:59:38.417','2026-04-25 01:59:05.099','system','admin'),(306127058948325378,1,306126742475505664,3,NULL,NULL,1,NULL,NULL,'2026-04-24 17:59:38.417','2026-04-25 01:59:04.694','system','admin'),(306127058952519680,1,306126742953656321,3,NULL,NULL,1,NULL,NULL,'2026-04-24 17:59:38.417','2026-04-25 01:59:04.239','system','admin'),(306127058952519681,1,306126743440195584,3,NULL,NULL,1,NULL,NULL,'2026-04-24 17:59:38.417','2026-04-25 01:59:03.370','system','admin'),(306127058952519682,1,306126743918346241,3,NULL,NULL,1,NULL,NULL,'2026-04-24 17:59:38.417','2026-04-25 01:59:02.832','system','admin'),(306127058956713984,1,306126744392302592,3,NULL,NULL,1,NULL,NULL,'2026-04-24 17:59:38.417','2026-04-25 01:59:02.293','system','admin'),(306127058956713985,1,306126744866258945,3,NULL,NULL,1,NULL,NULL,'2026-04-24 17:59:38.417','2026-04-25 01:59:00.875','system','admin'),(306127058956713986,1,306126745352798209,3,NULL,NULL,1,NULL,NULL,'2026-04-24 17:59:38.417','2026-04-25 01:59:01.752','system','admin'),(306127491620143104,1,306125653474803712,0,NULL,NULL,1,NULL,NULL,'2026-04-24 18:01:21.574','2026-04-24 18:01:21.574','system','system'),(306127491620143105,1,306125656201101312,0,NULL,NULL,1,NULL,NULL,'2026-04-24 18:01:21.574','2026-04-24 18:01:21.574','system','system'),(306127491620143106,1,306125818352893952,0,NULL,NULL,1,NULL,NULL,'2026-04-24 18:01:21.574','2026-04-24 18:01:21.574','system','system'),(306127491624337408,1,306125821062414337,0,NULL,NULL,1,NULL,NULL,'2026-04-24 18:01:21.574','2026-04-24 18:01:21.574','system','system'),(306127491624337409,1,306126675228229632,0,NULL,NULL,1,NULL,NULL,'2026-04-24 18:01:21.574','2026-04-24 18:01:21.574','system','system'),(306127491624337410,1,306126675697991681,0,NULL,NULL,1,NULL,NULL,'2026-04-24 18:01:21.574','2026-04-24 18:01:21.574','system','system'),(306127491628531712,1,306126676171948032,0,NULL,NULL,1,NULL,NULL,'2026-04-24 18:01:21.574','2026-04-24 18:01:21.574','system','system'),(306127491628531713,1,306126676645904384,0,NULL,NULL,1,NULL,NULL,'2026-04-24 18:01:21.574','2026-04-24 18:01:21.574','system','system'),(306127491628531714,1,306126677119860736,3,NULL,NULL,1,NULL,NULL,'2026-04-24 18:01:21.574','2026-04-25 01:21:00.431','system','admin'),(306236591423094784,1,306211333961940992,1,NULL,NULL,1,NULL,NULL,'2026-04-25 01:14:52.995','2026-04-25 01:17:31.418','admin','admin'),(306240019952041984,1,306105998152564736,1,NULL,NULL,1,NULL,NULL,'2026-04-25 01:28:30.420','2026-04-25 01:30:47.228','admin','admin'),(306248516307517440,1,306248085032402944,1,NULL,NULL,1,NULL,NULL,'2026-04-25 02:02:16.110','2026-04-25 02:03:38.623','se','se'),(306261553114513408,1,306126671105228800,0,NULL,NULL,1,NULL,NULL,'2026-04-25 02:54:04.327','2026-04-25 02:54:04.327','se','se');
/*!40000 ALTER TABLE `openplatform_v2_subscription_t` ENABLE KEYS */;
UNLOCK TABLES;

--
-- Dumping data for table `openplatform_v2_user_authorization_t`
--

LOCK TABLES `openplatform_v2_user_authorization_t` WRITE;
/*!40000 ALTER TABLE `openplatform_v2_user_authorization_t` DISABLE KEYS */;
/*!40000 ALTER TABLE `openplatform_v2_user_authorization_t` ENABLE KEYS */;
UNLOCK TABLES;
/*!40103 SET TIME_ZONE=@OLD_TIME_ZONE */;

/*!40101 SET SQL_MODE=@OLD_SQL_MODE */;
/*!40014 SET FOREIGN_KEY_CHECKS=@OLD_FOREIGN_KEY_CHECKS */;
/*!40014 SET UNIQUE_CHECKS=@OLD_UNIQUE_CHECKS */;
/*!40101 SET CHARACTER_SET_CLIENT=@OLD_CHARACTER_SET_CLIENT */;
/*!40101 SET CHARACTER_SET_RESULTS=@OLD_CHARACTER_SET_RESULTS */;
/*!40101 SET COLLATION_CONNECTION=@OLD_COLLATION_CONNECTION */;
/*!40111 SET SQL_NOTES=@OLD_SQL_NOTES */;

-- Dump completed on 2026-04-25 13:56:54
